lemma,unique_candidates,pos,lemma_freq,base_freq
Lizenz,lizieren,VVINF,12343,0
Sequenz,sequieren,VVINF,3364,0
Konferenz,konferieren,VVINF,13589,18
Konkurrenz,konkurrieren,VVINF,18809,901
Differenz,differieren,VVINF,8728,104
Frequenz,frequieren,VVINF,8785,0
Konsequenz,konsequieren,VVINF,23486,0
Residenz,residieren,VVINF,4180,79
Existenz,existieren,VVINF,15781,3713
Transparenz,transparieren,VVINF,8065,0
Tendenz,tendieren,VVINF,11841,719
Effizienz,effiziieren,VVINF,6168,0
Kompetenz,kompetieren,VVINF,22926,0
Präsenz,präsieren,VVINF,6860,0
Adoleszenz,adoleszieren,VVINF,197,0
Referenz,referieren,VVINF,6024,412
Divergenz,divergieren,VVINF,407,0
Konsistenz,konsistieren,VVINF,2187,0
Audienz,audiieren,VVINF,494,0
Inkompetenz,inkompetieren,VVINF,787,0
Demenz,demieren,VVINF,3452,0
Intelligenz,intelligieren,VVINF,7816,0
Gegenfrequenz,gegenfrequieren,VVINF,5,0
Koexistenz,koexistieren,VVINF,742,51
Potenz,potieren,VVINF,1833,0
Inkonsequenz,inkonsequieren,VVINF,194,0
Turbulenz,turbulieren,VVINF,1313,0
Abstinenz,abstinieren,VVINF,1090,0
Quintessenz,quintessieren,VVINF,725,0
Kohärenz,kohärieren,VVINF,477,0
Insuffizienz,insuffiziieren,VVINF,162,0
Interferenz,interferieren,VVINF,558,24
Politprominenz,politprominieren,VVINF,70,0
Essenz,essieren,VVINF,1745,0
Insolvenz,insolvieren,VVINF,5050,0
Multiresistenz,multiresistieren,VVINF,9,0
Dekadenz,dekadieren,VVINF,620,0
Exzellenz,exzellieren,VVINF,770,0
Karenz,karieren,VVINF,147,0
Inkontinenz,inkontinieren,VVINF,625,0
Vehemenz,vehemieren,VVINF,383,0
Ineffizienz,ineffiziieren,VVINF,265,0
Resistenz,resistieren,VVINF,1477,0
Ambivalenz,ambivalieren,VVINF,903,0
Präferenz,präferieren,VVINF,1711,0
Fluoreszenz,fluoreszieren,VVINF,229,16
Korrespondenz,korrespondieren,VVINF,2030,103
Subsistenz,subsistieren,VVINF,61,0
Kadenz,kadieren,VVINF,457,0
Indifferenz,indifferieren,VVINF,175,0
Konkurenz,konkurieren,VVINF,686,0
Provenienz,proveniieren,VVINF,407,0
Nichtexistenz,nichtexistieren,VVINF,219,0
Reagenz,reagieren,VVINF,176,11607
Latenz,latieren,VVINF,427,0
Prävalenz,prävalieren,VVINF,374,0
Lenz,lieren,VVINF,440,0
Reminiszenz,reminiszieren,VVINF,442,0
Konvergenz,konvergieren,VVINF,731,35
Polenz,polieren,VVINF,36,571
Delinquenz,delinquieren,VVINF,111,0
Prominenz,prominieren,VVINF,1001,0
Eminenz,eminieren,VVINF,286,0
Kongruenz,kongruieren,VVINF,176,0
Assistenz,assistieren,VVINF,855,154
Evidenz,evidieren,VVINF,709,0
Solvenz,solvieren,VVINF,59,0
Valenz,valieren,VVINF,83,0
Lumineszenz,lumineszieren,VVINF,45,0
Kontingenz,kontingieren,VVINF,193,0
Akzidenz,akzidieren,VVINF,54,0
Intransparenz,intransparieren,VVINF,247,0
Äquivalenz,äquivalieren,VVINF,219,0
Niereninsuffizienz,niereninsuffiziieren,VVINF,290,0
Interdependenz,interdependieren,VVINF,144,0
Rekonvaleszenz,rekonvaleszieren,VVINF,126,0
Eloquenz,eloquieren,VVINF,121,0
Absenz,absieren,VVINF,116,0
Transzendenz,transzendieren,VVINF,551,94
Suffizienz,suffiziieren,VVINF,42,0
Benz,bieren,VVINF,0,0
Inzidenz,inzidieren,VVINF,391,0
Virulenz,virulieren,VVINF,84,0
Inkonsistenz,inkonsistieren,VVINF,220,0
Agenz,agieren,VVINF,1,3321
Reverenz,reverieren,VVINF,142,0
Emergenz,emergieren,VVINF,165,0
Pestilenz,pestilieren,VVINF,75,0
Antivalenz,antivalieren,VVINF,0,0
Jurisprudenz,jurisprudieren,VVINF,203,0
Impertinenz,impertinieren,VVINF,27,0
Telekonferenz,telekonferieren,VVINF,23,0
Phosphoreszenz,phosphoreszieren,VVINF,13,0
Präzedenz,präzedieren,VVINF,11,0
Krenz,krieren,VVINF,282,0
Koinzidenz,koinzidieren,VVINF,121,0
Omnipräsenz,omnipräsieren,VVINF,104,0
Sentenz,sentieren,VVINF,247,0
Energieeffizienz,energieeffiziieren,VVINF,3728,0
Impotenz,impotieren,VVINF,482,0
Stringenz,stringieren,VVINF,213,0
Opulenz,opulieren,VVINF,152,0
Persistenz,persistieren,VVINF,144,0
Reagenzien,reagenzieren,VVINF,0,0
Superintelligenz,superintelligieren,VVINF,46,0
Dependenz,dependieren,VVINF,21,0
Pressekonferenz,pressekonferieren,VVINF,5444,0
Polizeipräsenz,polizeipräsieren,VVINF,174,0
Permanenz,permanieren,VVINF,135,0
Indolenz,indolieren,VVINF,27,0
Dissidenz,dissidieren,VVINF,55,0
Nebenresidenz,nebenresidieren,VVINF,25,0
Unterlizenz,unterlizieren,VVINF,30,0
Urinkontinenz,urinkontinieren,VVINF,0,0
Renitenz,renitieren,VVINF,51,0
Immanenz,immanieren,VVINF,102,0
Koreferenz,koreferieren,VVINF,4,0
Violenz,violieren,VVINF,2,0
Ingredienz,ingrediieren,VVINF,118,0
Zeitdifferenz,zeitdifferieren,VVINF,127,0
Aufwärtstendenz,aufwärtstendieren,VVINF,31,0
Multifrequenz,multifrequieren,VVINF,1,0
Trittfrequenz,trittfrequieren,VVINF,132,0
Herzfrequenz,herzfrequieren,VVINF,742,0
Designkonferenz,designkonferieren,VVINF,5,0
Deszendenz,deszendieren,VVINF,17,0
Inkongruenz,inkongruieren,VVINF,55,0
Rennkonkurenz,rennkonkurieren,VVINF,0,0
Fortexistenz,fortexistieren,VVINF,46,8
Abwärtstendenz,abwärtstendieren,VVINF,12,0
Omnipotenz,omnipotieren,VVINF,68,0
Effizenz,effizieren,VVINF,14,0
Preisdifferenz,preisdifferieren,VVINF,309,0
Basiskompetenz,basiskompetieren,VVINF,150,0
Gegentendenz,gegentendieren,VVINF,18,0
Sozialkompetenz,sozialkompetieren,VVINF,703,0
Kondolenz,kondolieren,VVINF,101,8
Atemfrequenz,atemfrequieren,VVINF,135,0
Harninkontinenz,harninkontinieren,VVINF,164,0
Schwingungsfrequenz,schwingungsfrequieren,VVINF,114,0
Inkohärenz,inkohärieren,VVINF,24,0
Telefonkonferenz,telefonkonferieren,VVINF,289,0
Sachkompetenz,sachkompetieren,VVINF,260,0
Vorkorrespondenz,vorkorrespondieren,VVINF,0,0
Indisponenz,indisponieren,VVINF,1,0
Videosequenz,videosequieren,VVINF,2764,0
Konkrenz,konkrieren,VVINF,0,0
